,Home,Draw,Away
997,0,0,1
998,1,0,0
999,0,0,1
1003,0,1,0
1004,0,1,0
1005,1,0,0
1006,0,1,0
1008,1,0,0
1009,0,1,0
1010,0,0,1
1013,1,0,0
1014,0,0,1
1015,0,0,1
1016,1,0,0
1018,1,0,0
1019,0,0,1
1020,0,0,1
1021,1,0,0
1022,1,0,0
1023,0,0,1
1025,0,1,0
1026,1,0,0
1028,1,0,0
1029,0,0,1
1031,1,0,0
1033,1,0,0
1034,1,0,0
1035,1,0,0
1036,0,0,1
1037,1,0,0
1038,0,0,1
1041,1,0,0
1042,0,0,1
1043,1,0,0
1044,1,0,0
1045,1,0,0
1046,0,1,0
1047,0,1,0
1048,1,0,0
1049,0,0,1
1051,0,1,0
1052,1,0,0
1054,0,1,0
1055,0,0,1
1056,1,0,0
1057,1,0,0
1059,1,0,0
1061,1,0,0
1062,0,1,0
1063,0,0,1
1064,0,0,1
1065,1,0,0
1067,0,0,1
1068,0,1,0
1069,1,0,0
1071,0,1,0
1072,0,1,0
1073,0,0,1
1074,0,0,1
1077,1,0,0
1079,0,0,1
1080,0,0,1
1081,1,0,0
1082,0,0,1
1083,0,1,0
1084,1,0,0
1086,1,0,0
1087,0,1,0
1088,0,1,0
1089,0,1,0
1091,0,0,1
1092,1,0,0
1095,1,0,0
1096,0,1,0
1097,0,0,1
1098,0,1,0
1100,0,0,1
1101,0,0,1
1103,0,0,1
1104,0,1,0
1105,0,0,1
1106,0,1,0
1108,0,1,0
1110,1,0,0
1112,1,0,0
1113,1,0,0
1114,1,0,0
1116,0,0,1
1117,1,0,0
1118,0,1,0
1119,0,0,1
1120,1,0,0
1121,0,1,0
1122,0,0,1
1123,0,0,1
1124,0,1,0
1125,1,0,0
1128,1,0,0
1129,0,0,1
1130,1,0,0
1131,1,0,0
1132,0,1,0
1133,1,0,0
1134,1,0,0
1135,1,0,0
1136,1,0,0
1137,0,1,0
1138,1,0,0
1139,0,0,1
1140,1,0,0
1141,0,0,1
1142,0,0,1
1143,1,0,0
1144,0,1,0
1145,1,0,0
1146,1,0,0
1147,0,0,1
1148,1,0,0
1149,1,0,0
1150,1,0,0
1151,0,1,0
1152,0,1,0
1153,0,0,1
1154,0,0,1
1155,0,0,1
1156,0,1,0
1157,0,1,0
1158,1,0,0
1159,0,0,1
1161,0,0,1
1162,0,0,1
1163,0,1,0
1164,1,0,0
1165,1,0,0
1166,0,0,1
1167,0,0,1
1168,0,1,0
1169,1,0,0
1170,1,0,0
1171,0,0,1
1173,1,0,0
1174,0,1,0
1175,0,1,0
1177,0,1,0
1178,0,1,0
1179,0,0,1
1180,1,0,0
1181,0,0,1
1182,0,1,0
1183,1,0,0
1184,1,0,0
1185,0,1,0
1186,0,0,1
1187,0,0,1
1188,1,0,0
1189,1,0,0
1191,1,0,0
1192,1,0,0
1193,1,0,0
1194,0,1,0
1198,1,0,0
1203,0,0,1
1204,1,0,0
1205,0,1,0
1207,0,0,1
1208,0,0,1
1209,0,0,1
1213,0,0,1
1214,1,0,0
1215,0,0,1
1216,0,1,0
1217,0,1,0
1219,0,0,1
1220,1,0,0
1221,0,0,1
1222,1,0,0
1224,0,0,1
1225,0,1,0
1226,1,0,0
1228,1,0,0
1229,1,0,0
1230,0,1,0
1232,1,0,0
1233,0,0,1
3248,0,1,0
3249,1,0,0
3250,1,0,0
3251,1,0,0
3252,1,0,0
3253,0,0,1
3254,0,1,0
3255,1,0,0
3256,1,0,0
3257,0,0,1
3258,0,1,0
3259,0,1,0
3260,1,0,0
3261,1,0,0
3262,0,1,0
3263,0,0,1
3264,0,1,0
3265,0,0,1
3266,1,0,0
3267,0,1,0
3268,0,1,0
3269,0,0,1
3270,0,1,0
3271,1,0,0
3272,1,0,0
3273,0,0,1
3274,0,1,0
3275,0,1,0
3276,1,0,0
3277,0,0,1
3278,1,0,0
3279,0,0,1
3280,1,0,0
3281,1,0,0
3282,0,0,1
3283,1,0,0
3284,0,0,1
3285,1,0,0
3286,1,0,0
3287,0,1,0
3288,0,1,0
3289,0,1,0
3290,0,1,0
3291,1,0,0
3292,1,0,0
3293,1,0,0
3294,0,0,1
3295,0,1,0
3296,1,0,0
3297,1,0,0
3298,1,0,0
3299,1,0,0
3300,0,1,0
3301,1,0,0
3302,0,1,0
3303,1,0,0
3304,1,0,0
3305,0,0,1
3306,0,1,0
3307,0,1,0
3308,0,0,1
3309,0,0,1
3310,1,0,0
3311,0,1,0
3312,1,0,0
3313,1,0,0
3314,0,1,0
3315,0,0,1
3316,0,0,1
3317,1,0,0
3318,1,0,0
3319,0,1,0
3320,1,0,0
3321,1,0,0
3322,0,0,1
3323,1,0,0
3324,0,0,1
3325,0,0,1
3326,0,0,1
3327,0,1,0
3328,0,1,0
3329,0,0,1
3330,1,0,0
3331,0,0,1
3332,1,0,0
3333,1,0,0
3334,0,0,1
3335,0,1,0
3336,1,0,0
3337,0,1,0
3338,1,0,0
3339,1,0,0
3340,1,0,0
3341,1,0,0
3342,0,0,1
3343,0,1,0
3344,0,1,0
3345,1,0,0
3346,0,0,1
3347,0,0,1
3348,1,0,0
3349,0,0,1
3350,1,0,0
3351,0,1,0
3352,1,0,0
3353,0,0,1
3354,0,0,1
3355,0,1,0
3356,1,0,0
3357,1,0,0
3358,0,0,1
3359,1,0,0
3360,0,1,0
3362,0,1,0
3363,0,0,1
3364,0,1,0
3365,1,0,0
3366,1,0,0
3367,0,1,0
3368,1,0,0
3369,0,0,1
3370,0,0,1
3371,0,0,1
3372,1,0,0
3373,0,0,1
3374,0,0,1
3375,1,0,0
3376,0,1,0
3377,0,0,1
3378,0,0,1
3379,1,0,0
3380,1,0,0
3381,0,0,1
3382,0,1,0
3383,0,1,0
3384,1,0,0
3385,0,0,1
3386,1,0,0
3387,0,0,1
3388,0,0,1
3389,0,0,1
3390,0,1,0
3391,0,1,0
3392,1,0,0
3393,0,1,0
3394,0,1,0
3395,1,0,0
3396,0,0,1
3397,1,0,0
3398,1,0,0
3399,1,0,0
3400,1,0,0
3401,0,0,1
3402,0,1,0
3403,1,0,0
3404,0,1,0
3405,0,1,0
3406,0,1,0
3407,0,0,1
3408,0,1,0
3409,0,0,1
3410,1,0,0
3411,0,1,0
3412,0,1,0
3413,0,1,0
3414,0,1,0
3415,0,1,0
3416,1,0,0
3417,1,0,0
3418,1,0,0
3419,0,1,0
3420,0,0,1
3421,0,1,0
3422,1,0,0
3423,0,1,0
3424,1,0,0
3425,0,0,1
3426,1,0,0
3427,0,1,0
3428,1,0,0
3429,1,0,0
3430,0,0,1
3431,1,0,0
3432,0,1,0
3433,1,0,0
3434,1,0,0
3435,0,0,1
3436,1,0,0
3437,1,0,0
3438,1,0,0
3439,1,0,0
3440,1,0,0
3441,1,0,0
3442,1,0,0
3443,1,0,0
3444,0,0,1
3445,0,0,1
3446,1,0,0
3447,0,0,1
3448,0,0,1
3449,1,0,0
3450,1,0,0
3451,1,0,0
3452,0,0,1
3453,0,0,1
3454,0,1,0
3455,1,0,0
3456,1,0,0
3457,0,0,1
3458,0,1,0
3459,0,0,1
3460,1,0,0
3461,1,0,0
3462,1,0,0
3463,0,1,0
3464,1,0,0
3465,0,0,1
3466,1,0,0
3467,0,1,0
3468,1,0,0
3469,0,0,1
3471,0,1,0
3472,0,0,1
3473,0,1,0
3474,0,1,0
3475,1,0,0
3476,1,0,0
3477,0,1,0
3478,1,0,0
3479,1,0,0
3480,1,0,0
3481,1,0,0
3482,1,0,0
3483,0,1,0
3484,0,1,0
3485,0,0,1
3486,0,0,1
3487,1,0,0
3488,1,0,0
3489,0,0,1
3490,1,0,0
3491,1,0,0
3492,1,0,0
3493,1,0,0
3494,0,0,1
3495,0,0,1
3496,1,0,0
3497,1,0,0
3498,1,0,0
3499,0,1,0
3500,0,0,1
3501,1,0,0
3502,0,1,0
3503,0,1,0
3504,0,0,1
3505,0,0,1
3506,0,1,0
3507,0,0,1
3508,1,0,0
3509,0,1,0
3510,0,1,0
3511,1,0,0
3512,1,0,0
3513,0,0,1
3514,0,1,0
3515,0,1,0
3516,0,0,1
3517,0,0,1
3518,0,0,1
3519,0,1,0
3520,1,0,0
3521,1,0,0
3522,0,0,1
3523,1,0,0
3524,0,1,0
3525,1,0,0
3526,0,1,0
3527,1,0,0
3528,0,1,0
3529,1,0,0
3530,1,0,0
3531,1,0,0
3532,1,0,0
3533,0,0,1
3534,0,1,0
3535,0,0,1
3536,1,0,0
3537,0,1,0
3538,0,0,1
3539,0,1,0
3540,0,0,1
3541,0,0,1
3542,0,0,1
3543,0,1,0
3544,0,1,0
3545,1,0,0
3546,0,0,1
3547,0,1,0
3548,1,0,0
3549,0,0,1
3550,1,0,0
3551,0,0,1
3552,1,0,0
3553,1,0,0
3554,0,0,1
3555,0,0,1
3556,0,0,1
3557,0,1,0
3558,1,0,0
3559,1,0,0
3560,0,0,1
3561,0,0,1
3562,0,1,0
3563,0,0,1
3564,1,0,0
3565,0,1,0
3566,1,0,0
3567,0,1,0
3568,1,0,0
3569,1,0,0
3570,0,1,0
3571,1,0,0
3572,1,0,0
3573,0,1,0
3574,0,1,0
3575,0,0,1
3576,0,1,0
3577,0,1,0
3578,1,0,0
3579,0,0,1
3580,0,1,0
3581,1,0,0
3582,1,0,0
3583,0,0,1
3584,1,0,0
3585,1,0,0
3586,0,1,0
3587,0,0,1
3588,0,0,1
3589,0,1,0
3590,1,0,0
3591,0,0,1
3592,0,0,1
3593,0,0,1
3594,0,0,1
3595,0,1,0
3596,1,0,0
3597,1,0,0
3598,1,0,0
3599,0,1,0
3600,1,0,0
3601,0,0,1
3602,0,1,0
3603,0,1,0
3604,1,0,0
3605,1,0,0
3606,0,0,1
3607,0,1,0
3608,1,0,0
3609,1,0,0
3610,1,0,0
3611,1,0,0
3612,0,1,0
3613,0,1,0
3614,1,0,0
3615,0,0,1
3616,0,0,1
3617,1,0,0
3618,1,0,0
3619,0,1,0
3620,0,0,1
3621,0,1,0
3622,1,0,0
3623,1,0,0
3624,0,1,0
3625,0,0,1
3626,0,1,0
3627,1,0,0
6288,0,1,0
6289,0,0,1
6290,1,0,0
6291,0,0,1
6292,0,1,0
6293,0,0,1
6294,0,0,1
6295,0,0,1
6296,0,0,1
6297,0,0,1
6298,1,0,0
6299,1,0,0
6300,0,1,0
6301,1,0,0
6302,0,0,1
6303,0,1,0
6304,1,0,0
6305,1,0,0
6306,1,0,0
6307,0,0,1
6308,0,0,1
6310,1,0,0
6311,0,0,1
6312,1,0,0
6313,1,0,0
6314,0,0,1
6315,1,0,0
6316,0,1,0
6317,1,0,0
6318,0,0,1
6319,1,0,0
6320,0,0,1
6321,0,1,0
6322,0,0,1
6323,0,0,1
6324,1,0,0
6325,0,1,0
6326,0,0,1
6327,0,1,0
6328,0,0,1
6329,1,0,0
6330,0,1,0
6331,1,0,0
6332,1,0,0
6333,1,0,0
6334,0,0,1
6335,0,1,0
6336,0,1,0
6337,1,0,0
6338,1,0,0
6339,1,0,0
6340,0,1,0
6341,1,0,0
6342,0,1,0
6343,0,0,1
6344,1,0,0
6345,0,0,1
6346,1,0,0
6347,1,0,0
6348,0,1,0
6349,0,1,0
6350,0,0,1
6351,0,1,0
6352,0,1,0
6353,1,0,0
6354,1,0,0
6355,1,0,0
6356,0,0,1
6357,1,0,0
6358,0,0,1
6359,1,0,0
6360,0,1,0
6361,1,0,0
6362,0,1,0
6363,0,1,0
6364,0,0,1
6365,0,1,0
6366,0,1,0
6367,0,1,0
6368,1,0,0
6369,0,0,1
6370,0,1,0
6371,0,0,1
6372,1,0,0
6373,1,0,0
6374,1,0,0
6375,0,1,0
6376,1,0,0
6377,0,0,1
6378,1,0,0
6379,0,1,0
6380,1,0,0
6381,0,1,0
6382,1,0,0
6383,0,0,1
6384,0,0,1
6385,0,0,1
6386,1,0,0
6387,1,0,0
6388,0,0,1
6389,1,0,0
6390,0,1,0
6391,0,0,1
6392,1,0,0
6393,0,1,0
6394,1,0,0
6395,1,0,0
6396,1,0,0
6397,1,0,0
6398,0,1,0
6399,1,0,0
6400,1,0,0
6401,1,0,0
6402,0,1,0
6403,1,0,0
6404,1,0,0
6405,1,0,0
6406,1,0,0
6407,0,1,0
6408,0,0,1
6409,1,0,0
6410,0,1,0
6411,1,0,0
6412,0,1,0
6413,0,0,1
6414,0,0,1
6415,0,1,0
6416,1,0,0
6417,0,0,1
6418,0,1,0
6419,0,0,1
6420,0,0,1
6421,0,0,1
6422,0,0,1
6423,1,0,0
6424,0,1,0
6425,1,0,0
6426,1,0,0
6427,1,0,0
6428,0,1,0
6430,1,0,0
6431,0,0,1
6432,1,0,0
6433,0,1,0
6434,0,1,0
6435,1,0,0
6436,1,0,0
6437,0,0,1
6438,1,0,0
6439,0,1,0
6440,1,0,0
6441,0,0,1
6442,0,1,0
6443,0,1,0
6444,0,0,1
6445,1,0,0
6446,0,0,1
6447,0,0,1
6448,1,0,0
6449,0,1,0
6450,0,0,1
6451,0,0,1
6452,0,1,0
6453,1,0,0
6454,1,0,0
6455,1,0,0
6456,0,1,0
6457,1,0,0
6458,0,0,1
6459,0,0,1
6460,0,1,0
6461,1,0,0
6462,1,0,0
6463,1,0,0
6464,1,0,0
6465,0,1,0
6466,1,0,0
6467,0,1,0
6468,0,0,1
6469,0,0,1
6470,0,0,1
6471,1,0,0
6472,0,0,1
6473,1,0,0
6474,1,0,0
6475,0,1,0
6476,0,1,0
6477,0,1,0
6478,1,0,0
6479,0,1,0
6480,1,0,0
6481,0,1,0
6482,1,0,0
6483,1,0,0
6484,1,0,0
6485,1,0,0
6486,0,0,1
6487,0,1,0
6488,1,0,0
6489,1,0,0
6490,0,0,1
6491,1,0,0
6492,0,1,0
6493,1,0,0
6494,1,0,0
6495,0,1,0
6496,1,0,0
6497,0,0,1
6498,1,0,0
6499,0,0,1
6500,1,0,0
6501,0,1,0
6502,0,1,0
6503,1,0,0
6504,1,0,0
6505,0,1,0
6506,0,1,0
6507,0,1,0
6508,0,1,0
6509,0,0,1
6510,0,0,1
6511,0,1,0
6512,0,1,0
6513,1,0,0
6514,1,0,0
6515,1,0,0
6516,0,1,0
6517,1,0,0
6518,0,0,1
6519,0,1,0
6520,0,0,1
6521,0,1,0
6522,0,0,1
6523,0,0,1
6524,1,0,0
6525,0,0,1
6526,0,1,0
6527,0,0,1
6528,1,0,0
6529,1,0,0
6530,1,0,0
6531,1,0,0
6532,1,0,0
6533,1,0,0
6534,0,0,1
6535,1,0,0
6536,0,1,0
6537,0,0,1
6538,0,1,0
6539,1,0,0
6540,0,0,1
6541,1,0,0
6542,0,1,0
6543,1,0,0
6544,1,0,0
6545,1,0,0
6546,0,0,1
6547,0,1,0
6548,0,0,1
6549,1,0,0
6550,0,0,1
6551,1,0,0
6552,1,0,0
6553,0,0,1
6554,0,0,1
6555,1,0,0
6556,0,1,0
6557,0,0,1
6558,1,0,0
6559,0,1,0
6560,0,1,0
6561,0,0,1
6562,0,0,1
6563,0,1,0
6564,0,0,1
6565,0,1,0
6566,1,0,0
6567,0,1,0
6568,1,0,0
6569,1,0,0
6570,0,0,1
6571,0,1,0
6572,0,1,0
6573,0,0,1
6574,0,1,0
6575,1,0,0
6576,1,0,0
6577,1,0,0
6578,0,0,1
6579,1,0,0
6580,1,0,0
6581,0,0,1
6582,1,0,0
6583,1,0,0
6584,1,0,0
6585,0,0,1
6586,1,0,0
6587,1,0,0
6588,1,0,0
6589,0,1,0
6590,0,0,1
6591,0,1,0
6592,1,0,0
6593,1,0,0
6594,0,1,0
6595,1,0,0
6596,0,0,1
6597,1,0,0
6598,0,0,1
6600,1,0,0
6601,0,0,1
6602,0,1,0
6603,0,0,1
6604,1,0,0
6605,0,1,0
6606,1,0,0
6607,1,0,0
6608,1,0,0
6609,0,0,1
6610,0,1,0
6611,1,0,0
6612,1,0,0
6613,1,0,0
6614,1,0,0
6615,0,0,1
6616,0,1,0
6617,0,0,1
6618,1,0,0
6619,1,0,0
6620,0,0,1
6621,1,0,0
6622,1,0,0
6623,1,0,0
6624,0,0,1
6625,0,0,1
6626,0,1,0
6627,0,1,0
6628,0,0,1
6629,0,1,0
6630,1,0,0
6631,0,1,0
6632,1,0,0
6633,0,1,0
6634,1,0,0
6635,1,0,0
6636,0,1,0
6637,0,1,0
6638,1,0,0
6639,0,1,0
6640,0,0,1
6641,0,0,1
6642,0,1,0
6643,1,0,0
6644,1,0,0
6645,0,1,0
6646,0,0,1
6647,1,0,0
6648,1,0,0
6649,0,1,0
6650,1,0,0
6651,0,1,0
6652,0,0,1
6653,1,0,0
6654,1,0,0
6655,0,0,1
6656,0,1,0
6657,0,1,0
6658,0,1,0
6659,0,1,0
6660,0,0,1
6661,1,0,0
6662,0,1,0
6663,0,1,0
6664,1,0,0
6665,1,0,0
6666,1,0,0
6667,1,0,0
9032,1,0,0
9033,0,1,0
9035,0,1,0
9036,0,0,1
9037,0,0,1
9038,1,0,0
9039,0,0,1
9040,1,0,0
9041,0,1,0
9042,0,1,0
9043,1,0,0
9044,1,0,0
9045,1,0,0
9046,1,0,0
9047,1,0,0
9048,0,0,1
9049,0,1,0
9050,1,0,0
9051,1,0,0
9052,0,0,1
9053,1,0,0
9054,0,1,0
9055,1,0,0
9056,0,0,1
9057,0,0,1
9058,0,1,0
9059,1,0,0
9060,0,0,1
9061,1,0,0
9062,0,0,1
9063,1,0,0
9064,0,1,0
9065,0,0,1
9066,1,0,0
9067,1,0,0
9068,1,0,0
9069,0,1,0
9070,0,1,0
9071,0,0,1
9072,1,0,0
9073,0,0,1
9074,0,1,0
9075,0,1,0
9076,1,0,0
9077,0,1,0
9078,1,0,0
9079,1,0,0
9080,1,0,0
9081,0,0,1
9082,1,0,0
9083,0,0,1
9084,1,0,0
9085,0,0,1
9086,0,1,0
9087,0,1,0
9088,1,0,0
9089,0,1,0
9090,0,0,1
9091,1,0,0
9092,0,1,0
9093,0,0,1
9094,1,0,0
9095,0,0,1
9096,1,0,0
9097,1,0,0
9098,1,0,0
9099,1,0,0
9100,1,0,0
9101,0,0,1
9102,1,0,0
9103,1,0,0
9104,0,1,0
9105,0,0,1
9106,1,0,0
9107,0,0,1
9108,0,1,0
9109,0,0,1
9110,1,0,0
9111,0,1,0
9112,1,0,0
9113,0,0,1
9114,1,0,0
9115,0,1,0
9116,1,0,0
9117,0,1,0
9118,0,0,1
9119,0,1,0
9120,1,0,0
9121,1,0,0
9122,0,0,1
9123,0,1,0
9124,0,1,0
9125,1,0,0
9126,1,0,0
9127,1,0,0
9128,1,0,0
9129,0,0,1
9130,1,0,0
9131,1,0,0
9132,1,0,0
9133,1,0,0
9134,0,0,1
9135,1,0,0
9136,0,1,0
9137,0,0,1
9138,0,0,1
9139,0,1,0
9140,0,0,1
9141,0,0,1
9142,1,0,0
9143,1,0,0
9144,1,0,0
9145,1,0,0
9146,0,1,0
9147,0,0,1
9148,0,0,1
9149,1,0,0
9150,0,1,0
9151,0,0,1
9152,0,0,1
9153,0,1,0
9154,1,0,0
9155,0,1,0
9156,0,0,1
9157,1,0,0
9158,0,0,1
9159,0,1,0
9160,1,0,0
9161,0,0,1
9162,0,1,0
9163,0,0,1
9164,1,0,0
9165,1,0,0
9166,1,0,0
9167,0,1,0
9168,0,1,0
9169,0,1,0
9170,1,0,0
9171,0,1,0
9172,1,0,0
9173,1,0,0
9174,0,1,0
9175,1,0,0
9176,0,0,1
9177,0,0,1
9178,0,0,1
9179,1,0,0
9180,1,0,0
9181,0,1,0
9182,0,1,0
9183,0,0,1
9184,0,1,0
9185,1,0,0
9186,1,0,0
9187,0,0,1
9188,0,1,0
9189,0,0,1
9190,0,0,1
9191,0,0,1
9192,0,1,0
9193,1,0,0
9194,0,0,1
9195,1,0,0
9196,0,0,1
9197,1,0,0
9198,1,0,0
9199,0,1,0
9200,0,0,1
9201,0,1,0
9202,0,1,0
9203,0,0,1
9204,1,0,0
9205,0,0,1
9206,0,0,1
9207,0,1,0
9208,0,1,0
9209,1,0,0
9210,1,0,0
9211,0,0,1
9212,0,0,1
9213,0,0,1
9214,0,1,0
9215,0,1,0
9216,0,0,1
9217,1,0,0
9218,1,0,0
9219,1,0,0
9220,1,0,0
9221,0,0,1
9222,1,0,0
9223,0,1,0
9224,1,0,0
9225,0,1,0
9226,1,0,0
9227,0,1,0
9228,0,0,1
9229,1,0,0
9230,1,0,0
9231,1,0,0
9232,0,0,1
9233,0,1,0
9234,1,0,0
9235,1,0,0
9236,0,1,0
9237,0,0,1
9238,1,0,0
9239,0,0,1
9240,1,0,0
9241,0,0,1
9242,1,0,0
9243,1,0,0
9244,1,0,0
9245,1,0,0
9246,0,0,1
9247,1,0,0
9248,0,0,1
9249,1,0,0
9250,1,0,0
9251,0,0,1
9252,1,0,0
9253,1,0,0
9254,1,0,0
9255,1,0,0
9256,0,1,0
9257,0,1,0
9258,0,0,1
9259,0,0,1
9260,0,1,0
9261,0,1,0
9262,0,1,0
9263,1,0,0
9264,0,0,1
9265,1,0,0
9266,0,1,0
9267,0,0,1
9268,0,0,1
9269,1,0,0
9270,0,0,1
9271,0,0,1
9272,1,0,0
9273,0,0,1
9274,0,1,0
9275,0,0,1
9276,0,0,1
9277,0,0,1
9278,0,1,0
9279,1,0,0
9280,0,0,1
9281,0,1,0
9282,1,0,0
9283,1,0,0
9284,0,0,1
9285,0,1,0
9286,0,1,0
9287,0,1,0
9288,0,0,1
9289,1,0,0
9290,1,0,0
9291,1,0,0
9292,0,1,0
9293,1,0,0
9294,1,0,0
9295,0,1,0
9296,0,0,1
9297,1,0,0
9298,0,0,1
9299,0,0,1
9300,0,0,1
9301,0,1,0
9302,1,0,0
9303,1,0,0
9304,0,0,1
9305,0,0,1
9306,0,0,1
9307,0,1,0
9308,1,0,0
9309,1,0,0
9310,0,1,0
9311,1,0,0
9312,1,0,0
9313,1,0,0
9314,0,1,0
9315,0,1,0
9316,1,0,0
9317,1,0,0
9318,1,0,0
9319,0,0,1
9320,0,0,1
9321,0,1,0
9322,0,0,1
9323,1,0,0
9324,0,1,0
9325,0,1,0
9326,0,0,1
9327,1,0,0
9328,0,0,1
9329,0,0,1
9330,1,0,0
9331,1,0,0
9332,0,0,1
9333,0,0,1
9334,1,0,0
9335,0,0,1
9336,0,1,0
9337,0,0,1
11754,0,0,1
11755,1,0,0
11756,1,0,0
11757,1,0,0
11758,1,0,0
11759,0,0,1
11760,0,0,1
11761,0,0,1
11762,0,1,0
11763,0,1,0
11764,1,0,0
11765,1,0,0
11766,1,0,0
11767,0,0,1
11768,1,0,0
11769,1,0,0
11770,0,1,0
11771,0,1,0
11772,1,0,0
11773,0,1,0
11774,0,1,0
11775,1,0,0
11776,1,0,0
11777,0,0,1
11778,1,0,0
11779,0,1,0
11780,1,0,0
11781,1,0,0
11782,0,0,1
11783,1,0,0
11784,1,0,0
11785,0,1,0
11786,0,1,0
11787,0,0,1
11788,1,0,0
11789,0,0,1
11790,1,0,0
11791,0,1,0
11792,0,0,1
11793,1,0,0
11794,1,0,0
11795,1,0,0
11796,1,0,0
11797,0,1,0
11798,0,1,0
11799,0,1,0
11800,1,0,0
11801,1,0,0
11802,1,0,0
11803,0,1,0
11804,0,0,1
11805,0,0,1
11806,0,1,0
11807,1,0,0
11808,1,0,0
11809,1,0,0
11810,1,0,0
11811,0,0,1
11812,1,0,0
11813,0,1,0
11814,1,0,0
11815,0,0,1
11816,0,1,0
11817,0,0,1
11818,1,0,0
11819,1,0,0
11820,1,0,0
11821,1,0,0
11822,0,0,1
11823,1,0,0
11824,1,0,0
11825,0,1,0
11826,0,0,1
11827,1,0,0
11828,0,0,1
11829,1,0,0
11830,1,0,0
11831,0,0,1
11832,0,0,1
11833,0,0,1
11834,1,0,0
11835,1,0,0
11836,1,0,0
11837,0,1,0
11838,1,0,0
11839,1,0,0
11840,1,0,0
11841,0,0,1
11842,1,0,0
11843,0,1,0
11844,0,1,0
11845,0,0,1
11846,0,0,1
11847,0,1,0
11848,0,0,1
11849,1,0,0
11850,1,0,0
11851,0,0,1
11852,0,0,1
11853,1,0,0
11854,0,1,0
11855,1,0,0
11856,0,0,1
11857,1,0,0
11858,0,0,1
11859,1,0,0
11860,1,0,0
11861,1,0,0
11862,1,0,0
11863,1,0,0
11864,0,0,1
11865,0,1,0
11866,1,0,0
11867,0,0,1
11868,1,0,0
11869,1,0,0
11870,1,0,0
11871,1,0,0
11872,1,0,0
11873,0,0,1
11874,1,0,0
11875,1,0,0
11876,1,0,0
11877,1,0,0
11878,0,1,0
11879,0,1,0
11880,1,0,0
11881,1,0,0
11882,1,0,0
11883,1,0,0
11885,0,1,0
11886,0,0,1
11887,0,1,0
11888,0,1,0
11889,0,1,0
11890,0,1,0
11891,1,0,0
11892,0,0,1
11893,1,0,0
11894,0,0,1
11895,1,0,0
11896,0,1,0
11897,0,0,1
11898,0,0,1
11899,0,1,0
11900,1,0,0
11901,0,1,0
11902,1,0,0
11903,0,1,0
11904,0,0,1
11905,0,0,1
11906,0,0,1
11907,1,0,0
11908,1,0,0
11909,0,0,1
11910,1,0,0
11911,1,0,0
11912,0,1,0
11913,1,0,0
11914,0,1,0
11915,1,0,0
11916,1,0,0
11917,0,1,0
11918,0,1,0
11919,0,1,0
11920,0,1,0
11921,1,0,0
11922,0,1,0
11923,1,0,0
11924,1,0,0
11925,1,0,0
11926,0,0,1
11927,1,0,0
11928,1,0,0
11929,1,0,0
11930,0,1,0
11931,1,0,0
11932,0,1,0
11933,1,0,0
11934,0,0,1
11935,1,0,0
11936,1,0,0
11937,0,1,0
11938,0,1,0
11939,0,1,0
11940,1,0,0
11941,0,0,1
11942,1,0,0
11943,1,0,0
11944,0,0,1
11945,1,0,0
11946,1,0,0
11947,1,0,0
11948,0,0,1
11949,0,1,0
11950,1,0,0
11951,0,1,0
11952,1,0,0
11953,0,0,1
11954,0,0,1
11955,1,0,0
11956,0,0,1
11957,0,0,1
11958,1,0,0
11959,1,0,0
11960,0,1,0
11961,1,0,0
11962,0,0,1
11963,1,0,0
11964,1,0,0
11965,0,1,0
11966,0,0,1
11967,1,0,0
11968,0,0,1
11969,0,0,1
11970,1,0,0
11971,1,0,0
11972,1,0,0
11973,1,0,0
11974,0,0,1
11975,1,0,0
11976,0,0,1
11977,0,0,1
11978,1,0,0
11979,0,1,0
11980,0,0,1
11981,0,0,1
11982,0,1,0
11983,0,0,1
11984,0,1,0
11985,1,0,0
11986,1,0,0
11987,0,0,1
11988,0,0,1
11989,0,0,1
11990,1,0,0
11991,1,0,0
11992,0,1,0
11993,0,1,0
11994,0,0,1
11995,0,1,0
11996,1,0,0
11997,1,0,0
11998,0,1,0
11999,0,1,0
12000,0,0,1
12001,0,1,0
12002,1,0,0
12003,0,1,0
12004,0,1,0
12005,0,1,0
12006,0,0,1
12007,1,0,0
12008,0,0,1
12009,0,1,0
12010,0,0,1
12011,0,1,0
12012,0,0,1
12013,0,0,1
12014,0,1,0
12015,1,0,0
12016,0,0,1
12017,1,0,0
12018,1,0,0
12019,0,1,0
12020,1,0,0
12021,0,1,0
12022,0,1,0
12023,1,0,0
12024,0,1,0
12025,1,0,0
12026,0,0,1
12027,0,0,1
12028,1,0,0
12029,0,0,1
12030,0,1,0
12031,0,0,1
12032,1,0,0
12033,0,0,1
12035,1,0,0
12037,1,0,0
12038,1,0,0
12039,1,0,0
12040,0,0,1
12041,1,0,0
12042,1,0,0
12043,1,0,0
12044,0,1,0
12045,0,0,1
12046,0,0,1
12048,0,0,1
12049,0,0,1
12050,0,0,1
12051,0,0,1
12052,0,0,1
12054,1,0,0
12056,0,1,0
12057,0,1,0
12060,0,1,0
12061,1,0,0
12062,1,0,0
12064,0,1,0
12065,0,1,0
12066,0,0,1
12067,0,1,0
12068,1,0,0
12069,1,0,0
12070,0,0,1
12071,1,0,0
12073,0,0,1
12074,1,0,0
12075,0,1,0
12076,0,0,1
12077,0,1,0
12078,0,0,1
12079,1,0,0
12080,0,0,1
12081,0,1,0
12082,0,1,0
12083,1,0,0
12084,1,0,0
12085,0,0,1
12086,0,1,0
12087,0,1,0
12088,1,0,0
12089,1,0,0
12090,1,0,0
12091,0,1,0
12092,1,0,0
12093,0,1,0
12094,0,0,1
12095,1,0,0
12096,0,0,1
12097,1,0,0
12098,1,0,0
12099,1,0,0
12100,1,0,0
12101,0,1,0
12102,0,0,1
12103,0,1,0
12104,1,0,0
12105,1,0,0
12106,1,0,0
12107,0,1,0
12108,0,0,1
12109,1,0,0
12110,0,0,1
12111,1,0,0
12112,0,0,1
12113,0,0,1
12114,1,0,0
12115,1,0,0
12116,0,1,0
12117,0,0,1
12118,1,0,0
12119,1,0,0
12120,1,0,0
12121,0,1,0
12122,1,0,0
12123,1,0,0
12124,0,0,1
12125,0,0,1
12126,1,0,0
12127,1,0,0
12128,1,0,0
12129,0,1,0
12130,0,0,1
12131,0,0,1
12132,0,1,0
12133,0,0,1
14498,1,0,0
14500,0,1,0
14501,0,0,1
14502,1,0,0
14503,0,1,0
14504,0,0,1
14505,0,1,0
14506,1,0,0
14508,0,1,0
14509,0,0,1
14510,0,1,0
14512,1,0,0
14513,0,0,1
14514,0,0,1
14515,0,1,0
14516,0,0,1
14520,0,0,1
14522,1,0,0
14523,1,0,0
14524,0,0,1
14525,1,0,0
14528,0,1,0
14529,1,0,0
14530,0,1,0
14533,0,0,1
14534,0,0,1
14537,0,1,0
14538,1,0,0
14539,1,0,0
14541,0,1,0
14542,0,0,1
14543,1,0,0
14544,0,1,0
14546,0,0,1
14547,0,0,1
14548,0,0,1
14549,0,1,0
14552,1,0,0
14553,1,0,0
14555,1,0,0
14556,0,1,0
14557,1,0,0
14558,1,0,0
14559,1,0,0
14560,0,1,0
14561,1,0,0
14563,1,0,0
14564,0,1,0
14565,0,1,0
14566,1,0,0
14568,1,0,0
14569,1,0,0
14571,0,1,0
14572,0,1,0
14573,0,1,0
14574,1,0,0
14575,0,1,0
14576,1,0,0
14578,0,0,1
14579,1,0,0
14581,1,0,0
14582,0,0,1
14583,1,0,0
14586,0,0,1
14587,0,0,1
14588,0,0,1
14589,0,1,0
14590,1,0,0
14591,1,0,0
14592,0,0,1
14593,0,1,0
14594,1,0,0
14595,1,0,0
14596,1,0,0
14597,0,0,1
14599,0,0,1
14600,0,1,0
14602,0,0,1
14603,0,1,0
14604,1,0,0
14605,0,0,1
14606,0,0,1
14607,0,1,0
14608,0,1,0
14609,0,0,1
14610,1,0,0
14611,0,1,0
14612,1,0,0
14613,1,0,0
14614,0,0,1
14615,0,1,0
14616,1,0,0
14617,1,0,0
14618,0,0,1
14619,0,0,1
14620,0,0,1
14621,1,0,0
14622,0,0,1
14623,1,0,0
14624,1,0,0
14625,0,1,0
14626,1,0,0
14627,0,1,0
14629,0,1,0
14630,1,0,0
14631,0,0,1
14632,0,0,1
14633,0,1,0
14634,0,1,0
14635,0,1,0
14636,1,0,0
14637,1,0,0
14638,1,0,0
14639,1,0,0
14640,0,0,1
14641,0,0,1
14642,1,0,0
14643,1,0,0
14644,1,0,0
14645,0,0,1
14646,1,0,0
14647,1,0,0
14648,0,0,1
14649,0,1,0
14650,1,0,0
14651,0,0,1
14652,1,0,0
14653,0,0,1
14655,1,0,0
14656,1,0,0
14657,0,0,1
14658,1,0,0
14659,0,1,0
14660,0,1,0
14661,1,0,0
14662,1,0,0
14663,1,0,0
14664,0,0,1
14666,0,0,1
14667,1,0,0
14668,1,0,0
14669,1,0,0
14670,0,0,1
14671,0,0,1
14672,0,0,1
14673,1,0,0
14674,1,0,0
14675,0,0,1
14676,0,0,1
14677,1,0,0
14678,0,0,1
14679,1,0,0
14680,0,1,0
14681,0,1,0
14682,1,0,0
14683,1,0,0
14684,1,0,0
14685,0,0,1
14686,1,0,0
14687,0,1,0
14688,0,0,1
14689,1,0,0
14690,1,0,0
14691,1,0,0
14692,1,0,0
14693,1,0,0
14694,0,1,0
14695,1,0,0
14697,0,0,1
14700,0,1,0
14702,0,0,1
14703,0,0,1
14704,0,0,1
14705,1,0,0
14706,0,0,1
14707,0,1,0
14708,0,0,1
14709,1,0,0
14710,0,0,1
14711,1,0,0
14712,0,1,0
14713,0,1,0
14714,0,0,1
14715,1,0,0
14716,1,0,0
14717,1,0,0
14718,1,0,0
14719,1,0,0
14720,0,0,1
14721,0,1,0
14722,0,0,1
14723,0,1,0
14724,0,0,1
14726,1,0,0
14727,1,0,0
14728,1,0,0
14729,1,0,0
14730,0,0,1
14732,1,0,0
14735,1,0,0
14736,0,1,0
14737,0,0,1
14738,0,1,0
14739,1,0,0
14745,0,0,1
14746,1,0,0
14749,0,0,1
14752,0,1,0
14753,0,1,0
14754,1,0,0
14756,1,0,0
14757,0,1,0
14758,1,0,0
14760,0,0,1
14761,0,1,0
14763,1,0,0
14764,1,0,0
14765,1,0,0
14766,0,0,1
14767,0,0,1
14769,0,1,0
14771,1,0,0
14772,0,1,0
14773,0,1,0
14774,1,0,0
14775,1,0,0
14776,1,0,0
14777,1,0,0
14778,0,0,1
14779,0,1,0
14780,1,0,0
14781,0,1,0
14783,1,0,0
14784,0,0,1
14785,0,1,0
14788,1,0,0
14789,0,1,0
14791,0,1,0
14792,0,1,0
14793,1,0,0
14794,0,1,0
14795,0,1,0
14796,0,0,1
14798,0,0,1
14799,0,0,1
14801,0,0,1
14802,1,0,0
18601,0,0,1
18602,0,1,0
18603,0,1,0
18605,0,1,0
18607,0,1,0
18608,0,1,0
18609,0,0,1
18611,1,0,0
18612,0,1,0
18613,0,1,0
18614,0,1,0
18615,0,0,1
18617,0,1,0
18618,1,0,0
18619,0,0,1
18622,0,0,1
18623,1,0,0
18624,0,0,1
18626,0,1,0
18627,1,0,0
18628,1,0,0
18629,1,0,0
18630,0,1,0
18633,0,0,1
18634,0,1,0
18635,0,0,1
18636,0,0,1
18637,1,0,0
18638,1,0,0
18639,1,0,0
18640,0,1,0
18641,1,0,0
18642,1,0,0
18643,0,1,0
18644,1,0,0
18645,0,0,1
18646,0,0,1
18647,0,1,0
18648,0,0,1
18649,0,0,1
18650,1,0,0
18651,1,0,0
18652,0,0,1
18653,1,0,0
18655,1,0,0
18657,0,1,0
18658,0,0,1
18659,0,0,1
18660,0,0,1
18661,1,0,0
18662,0,1,0
18663,0,1,0
18664,1,0,0
18666,1,0,0
18667,1,0,0
18668,1,0,0
18669,0,0,1
18670,0,1,0
18671,0,1,0
18673,0,1,0
18674,0,0,1
18675,0,0,1
18676,0,0,1
18677,1,0,0
18679,1,0,0
18680,1,0,0
18681,0,0,1
18682,0,1,0
18683,0,0,1
18684,1,0,0
18685,0,0,1
18686,1,0,0
18687,0,1,0
18689,0,0,1
18690,0,1,0
18691,0,0,1
18693,1,0,0
18694,0,1,0
18698,0,0,1
18699,1,0,0
18700,1,0,0
18701,1,0,0
18702,1,0,0
18703,1,0,0
18704,0,1,0
18705,1,0,0
18706,0,0,1
18707,0,0,1
18708,0,0,1
18709,0,1,0
18710,1,0,0
18711,0,0,1
18712,0,1,0
18713,0,1,0
18714,1,0,0
18715,0,1,0
18716,1,0,0
18717,0,1,0
18718,0,1,0
18719,0,0,1
18720,1,0,0
18721,1,0,0
18722,0,1,0
18723,0,0,1
18724,0,0,1
18725,0,1,0
18726,1,0,0
18727,0,0,1
18728,0,0,1
18729,1,0,0
18730,0,0,1
18731,0,0,1
18732,0,1,0
18733,0,0,1
18734,0,0,1
18735,1,0,0
18736,1,0,0
18737,1,0,0
18738,1,0,0
18739,0,0,1
18740,0,1,0
18741,1,0,0
18742,1,0,0
18743,1,0,0
18744,1,0,0
18745,1,0,0
18746,1,0,0
18747,1,0,0
18748,1,0,0
18749,0,0,1
18750,1,0,0
18751,0,0,1
18752,1,0,0
18754,1,0,0
18755,0,0,1
18756,0,1,0
18757,1,0,0
18758,1,0,0
18759,1,0,0
18760,1,0,0
18761,1,0,0
18762,1,0,0
18763,1,0,0
18765,0,0,1
18767,0,0,1
18768,1,0,0
18769,1,0,0
18770,0,0,1
18771,1,0,0
18772,0,1,0
18773,1,0,0
18774,1,0,0
18775,1,0,0
18776,1,0,0
18777,0,1,0
18778,0,1,0
18779,1,0,0
18780,1,0,0
18784,0,1,0
18785,0,0,1
18787,0,0,1
18788,0,0,1
18789,0,0,1
18790,1,0,0
18791,0,0,1
18792,1,0,0
18793,1,0,0
18794,0,1,0
18795,1,0,0
18797,1,0,0
18798,0,1,0
18799,1,0,0
18801,0,1,0
18802,0,0,1
18804,0,0,1
18805,0,1,0
18806,0,0,1
18807,0,0,1
18809,0,1,0
18810,0,0,1
18811,1,0,0
18813,1,0,0
18814,0,0,1
18815,0,1,0
18817,1,0,0
18818,0,0,1
18819,0,1,0
18821,0,0,1
18823,1,0,0
18824,0,0,1
18825,1,0,0
18826,0,0,1
18828,0,1,0
18829,1,0,0
18831,1,0,0
18833,0,0,1
18834,0,1,0
18835,1,0,0
18838,1,0,0
18839,0,0,1
18840,0,0,1
20605,1,0,0
20606,1,0,0
20609,0,1,0
20610,1,0,0
20612,0,1,0
20613,1,0,0
20615,1,0,0
20616,0,0,1
20618,0,0,1
20620,0,1,0
20621,0,0,1
20622,0,0,1
20624,0,1,0
20625,1,0,0
20626,0,0,1
20628,0,0,1
20629,0,1,0
20630,1,0,0
20631,0,1,0
20634,0,0,1
20635,0,0,1
20637,0,1,0
20638,1,0,0
20639,0,0,1
20641,0,0,1
20642,0,0,1
20643,0,0,1
20644,0,1,0
20647,0,0,1
20648,0,1,0
20649,0,0,1
20650,0,0,1
20652,0,0,1
20654,1,0,0
20655,1,0,0
20656,0,0,1
20658,0,1,0
20659,0,0,1
20661,0,1,0
20662,0,0,1
20664,0,1,0
20665,1,0,0
20667,1,0,0
20669,0,1,0
20670,1,0,0
20672,1,0,0
20674,0,1,0
20675,0,1,0
20676,0,1,0
20678,0,1,0
20680,0,1,0
20681,1,0,0
20682,1,0,0
20684,0,0,1
20685,1,0,0
20686,0,1,0
20687,0,1,0
20688,0,1,0
20689,0,1,0
20690,1,0,0
20691,0,1,0
20692,0,1,0
20693,1,0,0
20694,0,1,0
20695,1,0,0
20696,0,1,0
20697,1,0,0
20698,0,0,1
20699,1,0,0
20700,0,0,1
20701,0,1,0
20702,1,0,0
20703,0,1,0
20704,0,0,1
20705,0,1,0
20706,0,1,0
20707,1,0,0
20708,1,0,0
20709,0,0,1
20710,1,0,0
20711,1,0,0
20712,1,0,0
20713,0,1,0
20714,0,0,1
20715,1,0,0
20716,0,0,1
20717,0,0,1
20718,1,0,0
20719,1,0,0
20720,1,0,0
20721,0,0,1
20722,1,0,0
20723,1,0,0
20724,0,0,1
20726,0,1,0
20727,0,0,1
20728,0,1,0
20729,1,0,0
20730,1,0,0
20731,0,0,1
20732,0,1,0
20733,0,1,0
20734,0,1,0
20735,1,0,0
20736,1,0,0
20738,0,1,0
20739,0,0,1
20741,0,0,1
20742,0,0,1
20743,0,1,0
20744,0,1,0
20745,0,1,0
20746,1,0,0
20747,1,0,0
20748,0,1,0
20749,1,0,0
20750,0,1,0
20751,1,0,0
20752,1,0,0
20753,0,1,0
20754,1,0,0
20755,1,0,0
20756,0,0,1
20757,0,0,1
20758,0,0,1
20759,0,1,0
20760,0,1,0
20761,1,0,0
20762,1,0,0
20763,1,0,0
20764,0,1,0
20765,0,0,1
20766,0,1,0
20767,0,0,1
20768,0,0,1
20769,0,0,1
20770,1,0,0
20771,0,1,0
20772,0,1,0
20773,1,0,0
20774,1,0,0
20775,1,0,0
20776,0,1,0
20777,1,0,0
20778,1,0,0
20779,0,0,1
20780,1,0,0
20781,1,0,0
20782,0,1,0
20783,0,0,1
20784,0,1,0
20785,1,0,0
20786,0,0,1
20787,0,0,1
20788,0,1,0
20789,0,0,1
20790,1,0,0
20791,0,1,0
20792,1,0,0
20793,0,0,1
20794,0,0,1
20795,1,0,0
20796,1,0,0
20798,1,0,0
20799,0,0,1
20800,1,0,0
20801,0,1,0
20802,0,1,0
20803,0,1,0
20805,1,0,0
20807,0,1,0
20811,1,0,0
20812,0,1,0
20813,1,0,0
20814,1,0,0
20815,0,1,0
20817,0,0,1
20818,0,1,0
20819,1,0,0
20821,1,0,0
20823,0,0,1
20824,1,0,0
20825,0,0,1
20827,1,0,0
20830,0,0,1
20831,0,0,1
20832,1,0,0
23037,0,0,1
23038,0,1,0
23039,1,0,0
23040,1,0,0
23041,0,1,0
23042,0,0,1
23043,0,0,1
23044,1,0,0
23045,1,0,0
23046,1,0,0
23047,0,0,1
23048,0,0,1
23049,0,0,1
23050,1,0,0
23051,0,0,1
23052,0,0,1
23053,0,1,0
23054,1,0,0
23055,1,0,0
23056,1,0,0
23057,0,0,1
23058,0,0,1
23059,0,1,0
23060,1,0,0
23061,0,0,1
23062,1,0,0
23063,0,0,1
23064,1,0,0
23065,0,0,1
23066,1,0,0
23067,1,0,0
23068,0,1,0
23069,1,0,0
23070,1,0,0
23071,0,0,1
23072,1,0,0
23073,1,0,0
23074,0,0,1
23075,1,0,0
23076,0,1,0
23077,0,1,0
23078,1,0,0
23079,0,0,1
23080,1,0,0
23081,1,0,0
23082,1,0,0
23083,0,1,0
23084,0,0,1
23085,0,0,1
23086,1,0,0
23087,1,0,0
23088,0,0,1
23089,1,0,0
23090,0,1,0
23091,0,0,1
23092,1,0,0
23093,0,0,1
23094,1,0,0
23095,0,1,0
23096,0,1,0
23097,0,0,1
23098,0,1,0
23099,1,0,0
23100,0,1,0
23101,0,0,1
23102,1,0,0
23103,0,0,1
23104,1,0,0
23105,1,0,0
23106,0,0,1
23107,0,1,0
23108,0,1,0
23109,1,0,0
23110,0,0,1
23111,0,0,1
23112,0,0,1
23113,0,0,1
23114,0,1,0
23115,0,1,0
23116,0,0,1
23117,1,0,0
23118,0,0,1
23119,1,0,0
23120,1,0,0
23121,1,0,0
23122,0,0,1
23123,1,0,0
23124,0,0,1
23125,0,0,1
23126,1,0,0
23127,1,0,0
23128,0,0,1
23129,1,0,0
23130,1,0,0
23131,1,0,0
23132,1,0,0
23133,1,0,0
23134,0,1,0
23135,0,0,1
23136,1,0,0
23137,0,1,0
23138,1,0,0
23139,0,1,0
23140,0,1,0
23141,0,0,1
23142,1,0,0
23143,1,0,0
23144,1,0,0
23145,1,0,0
23146,0,0,1
23147,0,0,1
23148,1,0,0
23149,1,0,0
23151,0,1,0
23152,1,0,0
23155,1,0,0
23156,0,1,0
23157,0,1,0
23158,1,0,0
23159,1,0,0
23160,1,0,0
23161,0,1,0
23162,1,0,0
23163,1,0,0
23164,0,0,1
23165,0,1,0
23166,1,0,0
23167,1,0,0
23168,1,0,0
23169,1,0,0
23170,0,1,0
23171,0,0,1
23172,0,1,0
23173,1,0,0
23174,0,0,1
23175,1,0,0
23176,1,0,0
23177,1,0,0
23178,0,1,0
23179,1,0,0
23180,0,1,0
23181,1,0,0
23182,1,0,0
23183,0,1,0
23184,1,0,0
23185,1,0,0
23186,1,0,0
23187,1,0,0
23188,0,1,0
23189,0,0,1
23190,0,0,1
23191,0,0,1
23192,0,1,0
23193,0,0,1
23194,1,0,0
23195,0,0,1
23196,1,0,0
23197,0,0,1
23198,1,0,0
23199,1,0,0
23200,0,1,0
23201,1,0,0
23202,1,0,0
23203,1,0,0
23204,0,0,1
23205,1,0,0
23206,1,0,0
23207,0,0,1
23208,1,0,0
23209,1,0,0
23210,0,0,1
23211,0,0,1
23212,0,1,0
23213,0,0,1
23214,1,0,0
23215,1,0,0
23216,0,0,1
23217,0,1,0
23218,0,1,0
23219,0,1,0
23220,0,0,1
23221,0,1,0
23222,1,0,0
23223,0,0,1
23224,1,0,0
23225,1,0,0
23226,0,1,0
23227,1,0,0
23228,0,1,0
23229,0,0,1
23230,1,0,0
23231,1,0,0
23232,0,1,0
23233,0,1,0
23234,1,0,0
23235,0,0,1
23236,1,0,0
23237,0,0,1
23238,1,0,0
23239,0,0,1
23240,1,0,0
23241,1,0,0
23242,0,1,0
23243,1,0,0
23244,1,0,0
23245,1,0,0
23246,1,0,0
23247,0,0,1
23248,0,1,0
23249,0,0,1
23250,0,1,0
23251,0,1,0
23252,1,0,0
23253,1,0,0
23254,0,1,0
23255,0,0,1
23256,0,1,0
23257,0,0,1
23258,1,0,0
23260,0,0,1
23261,1,0,0
23262,1,0,0
23264,0,1,0
23265,1,0,0
23266,0,1,0
23267,1,0,0
23268,0,0,1
23269,1,0,0
23270,0,1,0
23271,0,0,1
23272,1,0,0
23273,1,0,0
23274,1,0,0
23275,1,0,0
23276,0,0,1
23277,0,0,1
23278,1,0,0
23279,0,1,0
23280,1,0,0
23281,1,0,0
23282,0,1,0
23283,0,0,1
23284,0,0,1
23285,0,0,1
23286,1,0,0
23287,0,1,0
23288,1,0,0
23289,0,0,1
23290,0,1,0
23291,0,0,1
23292,1,0,0
23293,0,1,0
23294,1,0,0
23295,1,0,0
23296,0,1,0
23297,0,1,0
23298,1,0,0
23299,1,0,0
23300,0,0,1
23301,0,1,0
23302,0,0,1
23303,0,1,0
23304,0,1,0
23305,0,0,1
23306,1,0,0
23307,1,0,0
23308,1,0,0
23309,1,0,0
23310,1,0,0
23311,1,0,0
23312,0,1,0
23313,1,0,0
23314,0,1,0
23315,0,1,0
23316,1,0,0
23317,0,0,1
23318,1,0,0
23319,0,1,0
23320,0,1,0
23321,0,1,0
23322,1,0,0
23323,0,0,1
23324,1,0,0
23325,1,0,0
23326,0,1,0
23327,0,0,1
23328,1,0,0
23329,0,0,1
23330,1,0,0
23331,1,0,0
23332,1,0,0
23333,0,0,1
23334,1,0,0
23335,0,0,1
23336,0,0,1
23337,0,0,1
23338,1,0,0
23339,1,0,0
23340,0,1,0
23341,1,0,0
23342,0,0,1
23343,0,0,1
23344,0,1,0
23345,1,0,0
23346,0,0,1
23347,1,0,0
23348,1,0,0
23349,1,0,0
23350,1,0,0
23351,0,0,1
23352,1,0,0
23354,0,0,1
23355,0,1,0
23356,0,1,0
23357,1,0,0
23358,0,0,1
23359,0,1,0
23360,1,0,0
23361,1,0,0
23362,0,1,0
23363,1,0,0
23364,0,0,1
23365,0,1,0
23366,1,0,0
23367,1,0,0
23368,1,0,0
23369,0,1,0
23370,1,0,0
23371,1,0,0
23372,1,0,0
23373,1,0,0
23374,1,0,0
23375,0,0,1
23376,0,0,1
23377,1,0,0
23378,0,0,1
23379,1,0,0
23380,1,0,0
23381,1,0,0
23382,1,0,0
23383,1,0,0
23384,1,0,0
23385,0,0,1
23386,1,0,0
23387,0,1,0
23388,1,0,0
23389,1,0,0
23390,1,0,0
23391,1,0,0
23392,0,0,1
23393,0,0,1
23394,1,0,0
23395,0,1,0
23396,1,0,0
23397,1,0,0
23398,1,0,0
23399,0,0,1
23400,0,1,0
23401,1,0,0
23402,0,0,1
23403,0,0,1
23404,1,0,0
23405,1,0,0
23406,0,0,1
23407,0,1,0
23408,0,1,0
23409,1,0,0
23410,1,0,0
23411,0,0,1
23412,1,0,0
23413,1,0,0
23414,0,0,1
23415,0,1,0
23416,0,0,1
